OrderID,CustomerID,Product,Category,Quantity,Price,OrderDate
1001,C01,Laptop,Electronics,1,60000,2026-01-05
1002,C02,Mobile,Electronics,2,25000,2026-01-08
1003,C01,Mouse,Accessories,3,800,2026-01-12
1004,C03,Laptop,Electronics,1,60000,2026-02-02
1005,C04,Keyboard,Accessories,2,1500,2026-02-10
1006,C02,Mouse,Accessories,2,800,2026-02-15
1007,C05,Mobile,Electronics,1,25000,2026-03-03
1008,C03,Keyboard,Accessories,4,1500,2026-03-10
1009,C06,Laptop,Electronics,1,60000,2026-03-15
1010,C07,Mobile,Electronics,1,25000,2026-03-18
1011,C08,Mouse,Accessories,5,800,2026-03-20
1012,C05,Keyboard,Accessories,3,1500,2026-03-25